epoch,time,train/box_loss,train/cls_loss,train/dfl_loss,metrics/precision(B),metrics/recall(B),metrics/mAP50(B),metrics/mAP50-95(B),val/box_loss,val/cls_loss,val/dfl_loss,lr/pg0,lr/pg1,lr/pg2
1,95.4514,1.65864,3.7854,1.44281,0.00502,0.30342,0.01227,0.00747,1.44526,3.71179,1.28036,0.00015,0.00015,0.00015
2,129.131,1.61985,3.63591,1.38525,0.00523,0.30904,0.01712,0.01017,1.45414,3.69814,1.2677,0.000157812,0.000157812,0.000157812
